slug,intra_page_duplicate_paragraphs_count,cross_page_duplicate_paragraphs_count,faq_is_templated
accountant-finance-professional-abroad-2026,0,2,false
ai-tools-relocation-planning-2026,0,2,false
amsterdam-digital-nomad-guide-2026,0,0,false
amsterdam-neighborhoods-expat-guide-2026,0,1,false
apostille-documents-guide-2026,0,0,false
athens-vs-lisbon-expat-guide-2026,0,2,false
australia-permanent-residency-guide-2026,0,0,false
australian-expat-taxes-guide-2026,0,0,false
austria-red-white-red-card-guide-2026,0,1,false
bali-vs-thailand-expat-guide-2026,0,2,false
bangkok-vs-chiang-mai-expat-guide-2026,0,5,false
barcelona-neighborhoods-expat-guide-2026,0,0,false
berlin-neighborhoods-expat-guide-2026,0,1,false
best-cities-digital-nomads-europe-2026,0,2,false
best-cities-expat-families-2026,0,2,false
best-countries-engineers-abroad-2026,0,0,false
best-countries-expats-2025-comparison,0,1,false
best-countries-freelancers-2026,0,0,false
best-countries-low-taxes-expats,0,0,false
best-countries-remote-workers-2025,0,0,false
best-coworking-spaces-digital-nomads-2026,0,2,false
best-digital-nomad-destinations-beginners-2026,0,1,false
best-expat-communities-forums-2026,0,1,false
best-health-insurance-expats-europe-2025,0,0,false
best-international-schools-expats-2026,0,1,false
best-islands-expats-2026,0,1,false
best-remote-work-tools-expats-2026,0,1,false
best-travel-credit-cards-expats-2026,0,4,false
best-travel-insurance-expats-2026,0,1,false
best-vpn-expats-2026,0,1,false
build-credit-abroad-expat-2026,0,1,false
build-remote-work-career-abroad-2026,0,0,false
build-social-life-after-relocating-abroad,0,1,false
bureaucracy-abroad-survival-guide-2026,0,1,false
buy-car-motorbike-abroad-expat-2026,0,2,false
buy-property-abroad-foreigner-2026,0,2,false
buying-property-portugal-guide-2026,0,0,false
canada-permanent-residency-guide-2026,0,1,false
canadian-expat-taxes-guide-2026,0,1,false
canggu-vs-ubud-vs-seminyak-bali-guide-2026,0,2,false
cape-town-vs-nairobi-vs-accra-expat-2026,0,5,false
cheapest-countries-europe-2026,0,1,false
choose-first-country-digital-nomad-2026,0,1,false
co-living-abroad-guide-2026,0,0,false
common-expat-mistakes-guide-2026,0,0,false
cost-of-living-europe-cities-2026,0,3,false
cost-of-relocating-to-europe-2025,0,1,false
countries-pay-you-to-move-2026,0,2,false
crypto-friendly-countries-relocation,0,1,false
culture-shock-moving-abroad-guide-2026,0,1,false
data-scientist-ai-engineer-abroad-2026,0,0,false
dental-tourism-guide-2026,0,0,false
designer-creative-working-abroad-2026,0,1,false
digital-nomad-burnout-guide-2026,0,0,false
digital-nomad-taxes-guide-2026,0,0,false
digital-nomad-visa-complete-guide-2025,0,1,false
digital-nomad-visa-guide,0,0,false
digital-nomad-visas-ultimate-guide-2026,0,4,false
dubai-neighborhoods-expat-guide-2026,0,0,false
dubai-remote-worker-virtual-working-2026,0,1,false
dubai-uk-citizen-guide-2026,0,2,false
dubai-vs-abu-dhabi-expat-guide-2026,0,3,false
dubai-vs-singapore-expat-guide-2026,0,1,false
emergency-abroad-expat-guide-2026,0,0,false
etias-explained-expats-2026,0,0,false
eu-citizenship-guide-2026,0,0,false
expat-banking-complete-guide-2026,0,1,false
expat-divorce-guide-2026,0,0,false
expat-health-insurance-complete-guide-2026,0,3,false
expat-mental-health-guide-2026,0,0,false
expat-mental-health-support-guide-2026,0,1,false
expat-property-investment-guide-2026,0,1,false
expat-relocation-timeline-12-months-2026,0,0,false
expat-remote-real-estate-investment-2026,0,3,false
expat-tax-reduction-strategies-2026,0,1,false
find-job-europe-non-eu-2026,0,2,false
find-long-term-accommodation-abroad-2026,0,1,false
freelancing-abroad-self-employed-expat-2026,0,3,false
french-citizenship-naturalization-guide-2026,0,3,false
georgia-american-expat-guide-2026,0,1,false
georgia-country-beginners-guide-2026,0,6,false
georgia-digital-nomad-tax-visa-deep-dive-2026,0,3,false
georgia-eu-citizen-guide-2026,0,1,false
georgia-russian-citizen-2026-update,0,0,false
georgia-uk-citizen-guide-2026,0,5,false
german-citizenship-guide-2026,0,1,false
germany-freelancer-guide-2026,0,1,false
get-job-abroad-without-work-visa-2026,0,2,false
get-tech-job-abroad-2026,0,1,false
gran-canaria-expat-long-term-guide-2026,0,2,false
grocery-shopping-abroad-expat-guide-2026,0,0,false
having-baby-abroad-expat-guide-2026,0,1,false
healthcare-abroad-expat-guide-2026,0,4,false
healthcare-professionals-working-abroad-2026,0,0,false
homeschooling-abroad-expat-guide-2026,0,2,false
homesickness-living-abroad-guide-2026,0,1,false
house-sitting-abroad-guide-2026,0,0,false
how-to-find-apartment-abroad-before-you-arrive,0,1,false
how-to-move-abroad-checklist,0,0,false
how-to-move-to-georgia-country,0,0,false
how-to-open-bank-account-abroad-2025,0,1,false
inheritance-wills-expat-guide-2026,0,0,false
international-driving-license-guide-2026,0,0,false
investing-as-expat-abroad-2026,0,0,false
irish-citizenship-by-descent-guide-2026,0,2,false
italian-citizenship-jure-sanguinis-guide-2026,0,2,false
italian-citizenship-naturalization-guide-2026,0,0,false
ivf-fertility-treatment-abroad-2026,0,0,false
japan-digital-nomad-visa-guide-2026,0,1,false
kotor-vs-budva-montenegro-guide-2026,0,2,false
kuala-lumpur-vs-penang-expat-guide-2026,0,3,false
lanzarote-expat-long-term-guide-2026,0,1,false
lawyer-legal-professional-abroad-2026,0,2,false
learn-language-before-moving-abroad-2026,0,4,false
lgbt-expat-guide-2026,0,0,false
lisbon-american-taxes-banking-2026,0,3,false
lisbon-freelancer-setup-guide-2026,0,1,false
lisbon-neighborhoods-expat-guide-2026,0,0,false
lisbon-ultimate-setup-guide-2026,0,1,false
lisbon-vs-barcelona-expat-guide-2026,0,3,false
lisbon-vs-madrid-expat-guide-2026,0,1,false
lisbon-vs-porto-expat-guide-2026,0,0,false
lisbon-vs-porto-vs-algarve-guide-2026,0,2,false
location-independent-business-guide-2026,0,1,false
madeira-vs-azores-expat-guide-2026,0,0,false
madrid-neighborhoods-expat-guide-2026,0,0,false
madrid-vs-barcelona-vs-valencia-expat-2026,0,4,false
maintain-home-country-ties-living-abroad-2026,0,2,false
mallorca-expat-long-term-guide-2026,0,1,false
marketing-professional-abroad-2026,0,0,false
medellin-digital-nomad-setup-guide-2026,0,1,false
medellin-vs-bogota-vs-cartagena-guide-2026,0,1,false
medical-tourism-guide-2026,0,1,false
move-abroad-no-money-guide-2026,0,2,false
move-abroad-with-family-guide,0,0,false
move-to-abu-dhabi-guide-2026,0,2,false
move-to-accra-guide-2026,0,2,false
move-to-albania-guide-2026,0,0,false
move-to-albania-riviera-guide-2026,0,2,false
move-to-algarve-portugal-guide-2026,0,2,false
move-to-almaty-guide-2026,0,3,false
move-to-amman-jordan-guide-2026,0,3,false
move-to-antalya-guide-2026,0,2,false
move-to-antigua-guatemala-guide-2026,0,3,false
move-to-argentina-guide-2026,0,4,false
move-to-athens-guide-2026,0,1,false
move-to-australia-guide-2026,0,2,false
move-to-azores-portugal-guide-2026,0,1,false
move-to-bahrain-guide-2026,0,1,false
move-to-baku-guide-2026,0,3,false
move-to-bangkok-guide-2026,0,2,false
move-to-barbados-guide-2026,0,1,false
move-to-barcelona-nomad-guide-2026,0,3,false
move-to-batumi-guide-2026,0,1,false
move-to-belgium-guide-2026,0,2,false
move-to-belgrade-guide-2026,0,0,false
move-to-berlin-nomad-guide-2026,0,1,false
move-to-bilbao-guide-2026,0,0,false
move-to-bogota-guide-2026,0,1,false
move-to-bordeaux-guide-2026,0,3,false
move-to-brazil-guide-2026,0,6,false
move-to-brisbane-guide-2026,0,3,false
move-to-budapest-guide-2026,0,0,false
move-to-buenos-aires-guide-2026,0,1,false
move-to-bulgaria-guide-2026,0,3,false
move-to-busan-guide-2026,0,3,false
move-to-cambodia-guide-2026,0,1,false
move-to-canada-guide-2026,0,0,false
move-to-cape-town-guide-2026,0,3,false
move-to-cape-verde-guide-2026,0,2,false
move-to-cartagena-colombia-guide-2026,0,3,false
move-to-chiang-mai-guide-2026,0,3,false
move-to-chisinau-moldova-guide-2026,0,2,false
move-to-colombia-medellin,0,0,false
move-to-costa-rica-guide-2026,0,5,false
move-to-croatia-guide-2026,0,0,false
move-to-cuenca-ecuador-guide-2026,0,3,false
move-to-cyprus-guide-2026,0,4,false
move-to-czech-republic-guide-2026,0,5,false
move-to-da-nang-guide-2026,0,3,false
move-to-denmark-guide-2026,0,2,false
move-to-dubai-freelancer-guide-2026,0,2,false
move-to-dubai-guide-2026,0,0,false
move-to-dubrovnik-split-guide-2026,0,3,false
move-to-estonia-guide-2026,0,4,false
move-to-finland-guide-2026,0,1,false
move-to-florence-guide-2026,0,2,false
move-to-france-guide-2026,0,1,false
move-to-fukuoka-guide-2026,0,3,false
move-to-gdansk-guide-2026,0,2,false
move-to-georgia-2026-updated,0,2,false
move-to-georgia-russian-ukrainian-2026,0,2,false
move-to-germany-guide-2026,0,0,false
move-to-greece-guide-2026,0,0,false
move-to-greek-islands-guide-2026,0,1,false
move-to-hamburg-guide-2026,0,2,false
move-to-hanoi-guide-2026,0,0,false
move-to-ho-chi-minh-city-guide-2026,0,4,false
move-to-hungary-guide-2026,0,2,false
move-to-iceland-guide-2026,0,2,false
move-to-india-guide-2026,0,1,false
move-to-indonesia-guide-2026,0,0,false
move-to-ireland-guide-2026,0,1,false
move-to-istanbul-nomad-guide-2026,0,1,false
move-to-italy-guide-2026,0,3,false
move-to-izmir-guide-2026,0,1,false
move-to-japan-guide-2026,0,0,false
move-to-kathmandu-guide-2026,0,3,false
move-to-koh-samui-guide-2026,0,5,false
move-to-kotor-montenegro-guide-2026,0,1,false
move-to-krakow-guide-2026,0,1,false
move-to-kuala-lumpur-guide-2026,0,2,false
move-to-kutaisi-georgia-guide-2026,0,3,false
move-to-kyoto-osaka-japan-guide-2026,0,2,false
move-to-la-paz-bolivia-guide-2026,0,3,false
move-to-lagos-nigeria-guide-2026,0,1,false
move-to-langkawi-guide-2026,0,0,false
move-to-latvia-guide-2026,0,1,false
move-to-lima-guide-2026,0,1,false
move-to-lisbon-american-guide-2026,0,3,false
move-to-lisbon-budget-guide-2026,0,1,false
move-to-lisbon-family-guide-2026,0,2,false
move-to-lisbon-honest-guide-2026,0,1,false
move-to-lisbon-uk-citizen-guide-2026,0,3,false
move-to-lithuania-guide-2026,0,1,false
move-to-lombok-guide-2026,0,3,false
move-to-luxembourg-guide-2026,0,3,false
move-to-lviv-ukraine-guide-2026,0,5,false
move-to-madeira-portugal-guide-2026,0,1,false
move-to-malaga-guide-2026,0,2,false
move-to-malaysia-guide-2026,0,4,false
move-to-maldives-guide-2026,0,0,false
move-to-malta-guide-2026,0,0,false
move-to-medellin-guide-2026,0,0,false
move-to-mexico-city-guide-2026,0,1,false
move-to-mexico-guide-2026,0,0,false
move-to-milan-guide-2026,0,0,false
move-to-montenegro-guide-2026,0,1,false
move-to-montreal-guide-2026,0,2,false
move-to-morocco-guide-2026,0,1,false
move-to-munich-guide-2026,0,1,false
move-to-nairobi-kenya-guide-2026,0,1,false
move-to-naples-guide-2026,0,2,false
move-to-netherlands-guide-2026,0,2,false
move-to-new-zealand-guide-2026,0,5,false
move-to-nice-france-guide-2026,0,2,false
move-to-north-macedonia-guide-2026,0,2,false
move-to-norway-guide-2026,0,1,false
move-to-oaxaca-mexico-guide-2026,0,1,false
move-to-oman-guide-2026,0,2,false
move-to-osaka-guide-2026,0,2,false
move-to-panama-city-guide-2026,0,1,false
move-to-panama-guide-2026,0,3,false
move-to-paraguay-guide-2026,0,1,false
move-to-penang-guide-2026,0,0,false
move-to-philippines-guide-2026,0,4,false
move-to-phuket-guide-2026,0,1,false
move-to-playa-del-carmen-guide-2026,0,4,false
move-to-poland-guide-2026,0,4,false
move-to-porto-complete-guide-2026,0,1,false
move-to-porto-freelancer-guide-2026,0,0,false
move-to-prague-guide-2026,0,0,false
move-to-pristina-guide-2026,0,2,false
move-to-puerto-rico-guide-2026,0,1,false
move-to-puglia-guide-2026,0,2,false
move-to-qatar-guide-2026,0,1,false
move-to-quito-ecuador-guide-2026,0,1,false
move-to-romania-guide-2026,0,2,false
move-to-rome-guide-2026,0,1,false
move-to-rwanda-guide-2026,0,1,false
move-to-santiago-guide-2026,0,2,false
move-to-sao-paulo-guide-2026,0,3,false
move-to-sarajevo-guide-2026,0,3,false
move-to-saudi-arabia-guide-2026,0,2,false
move-to-scotland-guide-2026,0,2,false
move-to-serbia-guide-2026,0,1,false
move-to-seville-guide-2026,0,3,false
move-to-sicily-guide-2026,0,3,false
move-to-singapore-guide-2026,0,0,false
move-to-slovakia-guide-2026,0,1,false
move-to-slovenia-guide-2026,0,1,false
move-to-south-france-guide-2026,0,3,false
move-to-south-korea-guide-2026,0,6,false
move-to-spain-family-guide-2026,0,2,false
move-to-sri-lanka-guide-2026,0,4,false
move-to-stockholm-guide-2026,0,1,false
move-to-sweden-guide-2026,0,0,false
move-to-switzerland-guide-2026,0,1,false
move-to-sydney-melbourne-guide-2026,0,2,false
move-to-taiwan-guide-2026,0,0,false
move-to-tallinn-guide-2026,0,1,false
move-to-tashkent-guide-2026,0,3,false
move-to-tel-aviv-guide-2026,0,4,false
move-to-tenerife-guide-2026,0,1,false
move-to-thailand-guide,0,0,false
move-to-thessaloniki-guide-2026,0,1,false
move-to-tokyo-guide-2026,0,1,false
move-to-toronto-guide-2026,0,3,false
move-to-turkey-guide-2026,0,4,false
move-to-uk-guide-2026,0,1,false
move-to-uruguay-guide-2026,0,1,false
move-to-valencia-spain-guide-2026,0,1,false
move-to-vancouver-guide-2026,0,0,false
move-to-vienna-guide-2026,0,0,false
move-to-vietnam-guide-2026,0,0,false
move-to-warsaw-guide-2026,0,0,false
move-to-wroclaw-guide-2026,0,2,false
move-to-yerevan-guide-2026,0,2,false
move-to-zanzibar-guide-2026,0,1,false
move-to-zurich-geneva-guide-2026,0,4,false
moving-abroad-over-50-guide-2026,0,2,false
moving-abroad-with-pets-guide-2026,0,0,false
moving-to-bali-guide-2026,0,3,false
moving-to-tbilisi-expat-guide-2026,0,2,false
musician-artist-working-abroad-2026,0,1,false
naples-vs-rome-vs-milan-expat-guide-2026,0,4,false
negotiate-remote-work-before-moving-abroad-2026,0,5,false
negotiate-rent-abroad-expat-2026,0,2,false
negotiate-salary-moving-abroad-2026,0,1,false
netherlands-citizenship-naturalization-guide-2026,0,2,false
nomad-visa-europe-comparison,0,0,false
nurse-practitioner-midwife-abroad-2026,0,0,false
open-bank-account-portugal-2026,0,2,false
open-company-abroad-expat-2026,0,4,false
paris-neighborhoods-expat-guide-2026,0,1,false
passive-income-residency-guide,0,0,false
passive-income-visa-countries,0,1,false
pension-abroad-expat-guide-2026,0,1,false
permanent-residency-abroad-fastest-routes-2026,0,3,false
porto-neighborhoods-expat-guide-2026,0,0,false
portugal-american-tax-guide-2026,0,2,false
portugal-d7-visa-guide,0,0,false
portugal-d8-digital-nomad-visa-guide-2026,0,3,false
portugal-d8-visa-application-step-by-step-2026,0,1,false
portugal-freelancer-complete-guide-2026,0,1,false
portugal-golden-visa-fund-investment-2026,0,3,false
portugal-golden-visa-requirements-2026,0,0,false
portugal-nhr-tax-regime-guide,0,0,false
portugal-nif-number-guide-2026,0,1,false
portugal-uk-citizen-complete-guide-2026,0,4,false
portugal-vs-italy-vs-greece-2026,0,2,false
portugal-vs-spain-vs-georgia-relocation-2025,0,1,false
portuguese-citizenship-complete-guide-2026,0,1,false
power-of-attorney-abroad-expat-2026,0,0,false
register-as-resident-abroad-checklist-2026,0,2,false
relocate-with-family-abroad-guide,0,1,false
relocation-checklist-documents,0,0,false
relocation-scouting-trip-guide-2026,0,0,false
remote-job-visa-sponsorship-2026,0,5,false
renounce-us-citizenship-guide-2026,0,0,false
renting-apartment-foreigner-abroad-2026,0,0,false
retire-abroad-cheapest-countries,0,0,false
retire-abroad-complete-planning-guide-2026,0,1,false
retire-abroad-social-security-guide-2026,0,2,false
retire-europe-2000-month-2026,0,4,false
retire-to-colombia-guide-2026,0,2,false
retire-to-costa-rica-guide-2026,0,2,false
retire-to-ecuador-guide-2026,0,3,false
retire-to-georgia-country-guide-2026,0,4,false
retire-to-greece-guide-2026,0,0,false
retire-to-italy-guide-2026,0,1,false
retire-to-lisbon-guide-2026,0,1,false
retire-to-malaysia-guide-2026,0,0,false
retire-to-mexico-guide-2026,0,2,false
retire-to-portugal-complete-guide-2026,0,1,false
retire-to-spain-guide-2026,0,2,false
retire-to-thailand-guide-2026,0,1,false
schengen-90-180-rule-guide-2026,0,0,false
second-passport-guide-2026,0,0,false
send-money-internationally-expat-2026,0,1,false
seoul-neighborhoods-expat-guide-2026,0,0,false
shipping-belongings-abroad-guide-2026,0,0,false
singapore-entrepreneur-entrepass-guide-2026,0,1,false
singapore-neighborhoods-expat-guide-2026,0,0,false
singapore-vs-hong-kong-expat-guide-2026,0,4,false
software-developer-working-abroad-2026,0,1,false
solo-female-expat-guide-2026,0,0,false
south-korea-digital-nomad-visa-guide-2026,0,1,false
spain-digital-nomad-visa,0,0,false
spain-freelancer-autonomo-guide-2026,0,0,false
spain-nie-number-guide-2026,0,0,false
spain-non-lucrative-visa-guide-2026,0,2,false
spain-uk-citizen-guide-2026,0,2,false
spanish-citizenship-naturalization-guide-2026,0,1,false
split-vs-dubrovnik-vs-zadar-guide-2026,0,3,false
starlink-abroad-digital-nomad-2026,0,1,false
tax-residency-change-guide,0,0,false
tbilisi-budget-guide-2026,0,0,false
tbilisi-complete-guide-2026,0,1,false
tbilisi-digital-nomad-setup-guide-2026,0,1,false
tbilisi-family-guide-2026,0,2,false
tbilisi-first-week-checklist-2026,0,1,false
tbilisi-honest-guide-2026,0,1,false
tbilisi-neighborhood-guide-2026,0,0,false
tbilisi-vs-batumi-expat-guide-2026,0,3,false
tbilisi-vs-yerevan-vs-baku-guide-2026,0,4,false
teaching-abroad-guide-2026,0,0,false
teaching-abroad-retirement-second-career-2026,0,3,false
time-zones-digital-nomad-guide-2026,0,0,false
travel-hacking-expat-flights-guide-2026,0,0,false
uae-golden-visa-guide,0,0,false
uk-citizenship-naturalization-guide-2026,0,2,false
ultimate-relocation-checklist-2025,0,1,false
us-expat-taxes-guide-2026,0,0,false
van-life-europe-expat-guide-2026,0,1,false
vegan-expat-guide-2026,0,0,false
visa-cover-letter-guide-2025,0,1,false
visa-fees-comparison-2026,0,1,false
voting-abroad-expat-guide-2026,0,0,false
working-holiday-visa-comparison-2026,0,0,false
