slug,word_count,file_path,h2_count,has_table,last_modified_date
build-social-life-after-relocating-abroad,25,content/posts/build-social-life-after-relocating-abroad.mdx,0,false,2026-07-04
ultimate-relocation-checklist-2025,25,content/posts/ultimate-relocation-checklist-2025.mdx,0,false,2026-07-04
visa-cover-letter-guide-2025,25,content/posts/visa-cover-letter-guide-2025.mdx,0,false,2026-07-04
best-countries-expats-2025-comparison,26,content/posts/best-countries-expats-2025-comparison.mdx,0,false,2026-07-04
best-health-insurance-expats-europe-2025,26,content/posts/best-health-insurance-expats-europe-2025.mdx,0,false,2026-07-04
cost-of-relocating-to-europe-2025,26,content/posts/cost-of-relocating-to-europe-2025.mdx,0,false,2026-07-04
how-to-find-apartment-abroad-before-you-arrive,26,content/posts/how-to-find-apartment-abroad-before-you-arrive.mdx,0,false,2026-07-04
how-to-open-bank-account-abroad-2025,26,content/posts/how-to-open-bank-account-abroad-2025.mdx,0,false,2026-07-04
relocate-with-family-abroad-guide,26,content/posts/relocate-with-family-abroad-guide.mdx,0,false,2026-07-04
portugal-vs-spain-vs-georgia-relocation-2025,27,content/posts/portugal-vs-spain-vs-georgia-relocation-2025.mdx,0,false,2026-07-04
austria-red-white-red-card-guide-2026,28,content/posts/austria-red-white-red-card-guide-2026.mdx,0,false,2026-07-04
digital-nomad-visa-complete-guide-2025,29,content/posts/digital-nomad-visa-complete-guide-2025.mdx,0,false,2026-07-04
move-to-istanbul-nomad-guide-2026,197,content/posts/move-to-istanbul-nomad-guide-2026.mdx,4,true,2026-07-04
emergency-abroad-expat-guide-2026,205,content/posts/emergency-abroad-expat-guide-2026.mdx,3,true,2026-07-04
move-to-bahrain-guide-2026,205,content/posts/move-to-bahrain-guide-2026.mdx,4,true,2026-07-04
musician-artist-working-abroad-2026,206,content/posts/musician-artist-working-abroad-2026.mdx,4,true,2026-07-04
vegan-expat-guide-2026,212,content/posts/vegan-expat-guide-2026.mdx,4,true,2026-07-04
working-holiday-visa-comparison-2026,217,content/posts/working-holiday-visa-comparison-2026.mdx,4,true,2026-07-04
australia-permanent-residency-guide-2026,218,content/posts/australia-permanent-residency-guide-2026.mdx,4,true,2026-07-04
solo-female-expat-guide-2026,218,content/posts/solo-female-expat-guide-2026.mdx,4,true,2026-07-04
move-to-qatar-guide-2026,225,content/posts/move-to-qatar-guide-2026.mdx,4,true,2026-07-04
move-to-thessaloniki-guide-2026,226,content/posts/move-to-thessaloniki-guide-2026.mdx,4,true,2026-07-04
build-remote-work-career-abroad-2026,228,content/posts/build-remote-work-career-abroad-2026.mdx,3,true,2026-07-04
move-to-gdansk-guide-2026,230,content/posts/move-to-gdansk-guide-2026.mdx,4,true,2026-07-04
voting-abroad-expat-guide-2026,230,content/posts/voting-abroad-expat-guide-2026.mdx,4,true,2026-07-04
house-sitting-abroad-guide-2026,236,content/posts/house-sitting-abroad-guide-2026.mdx,4,true,2026-07-04
tbilisi-neighborhood-guide-2026,237,content/posts/tbilisi-neighborhood-guide-2026.mdx,3,true,2026-07-04
move-to-zanzibar-guide-2026,240,content/posts/move-to-zanzibar-guide-2026.mdx,4,true,2026-07-04
move-to-montreal-guide-2026,242,content/posts/move-to-montreal-guide-2026.mdx,4,true,2026-07-04
lgbt-expat-guide-2026,243,content/posts/lgbt-expat-guide-2026.mdx,4,true,2026-07-04
best-digital-nomad-destinations-beginners-2026,245,content/posts/best-digital-nomad-destinations-beginners-2026.mdx,3,true,2026-07-04
move-to-krakow-guide-2026,246,content/posts/move-to-krakow-guide-2026.mdx,4,true,2026-07-04
power-of-attorney-abroad-expat-2026,248,content/posts/power-of-attorney-abroad-expat-2026.mdx,4,true,2026-07-04
move-to-toronto-guide-2026,249,content/posts/move-to-toronto-guide-2026.mdx,4,true,2026-07-04
tbilisi-budget-guide-2026,250,content/posts/tbilisi-budget-guide-2026.mdx,4,true,2026-07-04
move-abroad-no-money-guide-2026,252,content/posts/move-abroad-no-money-guide-2026.mdx,4,true,2026-07-04
move-to-yerevan-guide-2026,252,content/posts/move-to-yerevan-guide-2026.mdx,4,true,2026-07-04
best-remote-work-tools-expats-2026,253,content/posts/best-remote-work-tools-expats-2026.mdx,4,true,2026-07-04
move-to-south-france-guide-2026,256,content/posts/move-to-south-france-guide-2026.mdx,3,true,2026-07-04
canadian-expat-taxes-guide-2026,258,content/posts/canadian-expat-taxes-guide-2026.mdx,5,true,2026-07-04
move-to-cuenca-ecuador-guide-2026,258,content/posts/move-to-cuenca-ecuador-guide-2026.mdx,5,true,2026-07-04
eu-citizenship-guide-2026,262,content/posts/eu-citizenship-guide-2026.mdx,4,true,2026-07-04
retire-to-greece-guide-2026,263,content/posts/retire-to-greece-guide-2026.mdx,4,true,2026-07-04
move-to-romania-guide-2026,264,content/posts/move-to-romania-guide-2026.mdx,4,true,2026-07-04
move-to-buenos-aires-guide-2026,268,content/posts/move-to-buenos-aires-guide-2026.mdx,4,true,2026-07-04
teaching-abroad-guide-2026,268,content/posts/teaching-abroad-guide-2026.mdx,4,true,2026-07-04
data-scientist-ai-engineer-abroad-2026,269,content/posts/data-scientist-ai-engineer-abroad-2026.mdx,5,true,2026-07-04
medical-tourism-guide-2026,269,content/posts/medical-tourism-guide-2026.mdx,4,true,2026-07-04
move-to-pristina-guide-2026,271,content/posts/move-to-pristina-guide-2026.mdx,5,true,2026-07-04
shipping-belongings-abroad-guide-2026,273,content/posts/shipping-belongings-abroad-guide-2026.mdx,4,true,2026-07-04
australian-expat-taxes-guide-2026,275,content/posts/australian-expat-taxes-guide-2026.mdx,5,true,2026-07-04
time-zones-digital-nomad-guide-2026,275,content/posts/time-zones-digital-nomad-guide-2026.mdx,5,true,2026-07-04
move-to-brisbane-guide-2026,276,content/posts/move-to-brisbane-guide-2026.mdx,5,true,2026-07-04
expat-relocation-timeline-12-months-2026,277,content/posts/expat-relocation-timeline-12-months-2026.mdx,5,true,2026-07-04
healthcare-professionals-working-abroad-2026,277,content/posts/healthcare-professionals-working-abroad-2026.mdx,4,true,2026-07-04
move-to-rome-guide-2026,277,content/posts/move-to-rome-guide-2026.mdx,4,true,2026-07-04
move-to-taiwan-guide-2026,277,content/posts/move-to-taiwan-guide-2026.mdx,4,true,2026-07-04
best-travel-insurance-expats-2026,278,content/posts/best-travel-insurance-expats-2026.mdx,4,true,2026-07-04
move-to-almaty-guide-2026,279,content/posts/move-to-almaty-guide-2026.mdx,5,true,2026-07-04
move-to-denmark-guide-2026,279,content/posts/move-to-denmark-guide-2026.mdx,4,true,2026-07-04
retire-to-costa-rica-guide-2026,281,content/posts/retire-to-costa-rica-guide-2026.mdx,5,true,2026-07-04
software-developer-working-abroad-2026,281,content/posts/software-developer-working-abroad-2026.mdx,4,true,2026-07-04
travel-hacking-expat-flights-guide-2026,281,content/posts/travel-hacking-expat-flights-guide-2026.mdx,4,true,2026-07-04
countries-pay-you-to-move-2026,282,content/posts/countries-pay-you-to-move-2026.mdx,4,true,2026-07-04
move-to-malta-guide-2026,282,content/posts/move-to-malta-guide-2026.mdx,5,true,2026-07-04
move-to-paraguay-guide-2026,282,content/posts/move-to-paraguay-guide-2026.mdx,4,true,2026-07-04
expat-mental-health-guide-2026,283,content/posts/expat-mental-health-guide-2026.mdx,4,true,2026-07-04
move-to-uk-guide-2026,283,content/posts/move-to-uk-guide-2026.mdx,4,true,2026-07-04
us-expat-taxes-guide-2026,283,content/posts/us-expat-taxes-guide-2026.mdx,4,true,2026-07-04
buy-car-motorbike-abroad-expat-2026,285,content/posts/buy-car-motorbike-abroad-expat-2026.mdx,4,true,2026-07-04
digital-nomad-burnout-guide-2026,285,content/posts/digital-nomad-burnout-guide-2026.mdx,4,true,2026-07-04
move-to-puerto-rico-guide-2026,285,content/posts/move-to-puerto-rico-guide-2026.mdx,5,true,2026-07-04
maintain-home-country-ties-living-abroad-2026,286,content/posts/maintain-home-country-ties-living-abroad-2026.mdx,4,true,2026-07-04
move-to-sarajevo-guide-2026,286,content/posts/move-to-sarajevo-guide-2026.mdx,5,true,2026-07-04
move-to-accra-guide-2026,287,content/posts/move-to-accra-guide-2026.mdx,5,true,2026-07-04
move-to-norway-guide-2026,287,content/posts/move-to-norway-guide-2026.mdx,4,true,2026-07-04
buying-property-portugal-guide-2026,288,content/posts/buying-property-portugal-guide-2026.mdx,4,true,2026-07-04
get-job-abroad-without-work-visa-2026,288,content/posts/get-job-abroad-without-work-visa-2026.mdx,4,true,2026-07-04
lanzarote-expat-long-term-guide-2026,288,content/posts/lanzarote-expat-long-term-guide-2026.mdx,4,true,2026-07-04
move-to-amman-jordan-guide-2026,288,content/posts/move-to-amman-jordan-guide-2026.mdx,5,true,2026-07-04
etias-explained-expats-2026,289,content/posts/etias-explained-expats-2026.mdx,4,true,2026-07-04
move-to-albania-guide-2026,289,content/posts/move-to-albania-guide-2026.mdx,4,true,2026-07-04
move-to-indonesia-guide-2026,289,content/posts/move-to-indonesia-guide-2026.mdx,4,true,2026-07-04
move-to-saudi-arabia-guide-2026,289,content/posts/move-to-saudi-arabia-guide-2026.mdx,5,true,2026-07-04
retire-abroad-complete-planning-guide-2026,289,content/posts/retire-abroad-complete-planning-guide-2026.mdx,4,true,2026-07-04
move-to-serbia-guide-2026,290,content/posts/move-to-serbia-guide-2026.mdx,4,true,2026-07-04
expat-tax-reduction-strategies-2026,291,content/posts/expat-tax-reduction-strategies-2026.mdx,5,true,2026-07-04
expat-property-investment-guide-2026,292,content/posts/expat-property-investment-guide-2026.mdx,5,true,2026-07-04
move-to-antalya-guide-2026,292,content/posts/move-to-antalya-guide-2026.mdx,5,true,2026-07-04
move-to-bulgaria-guide-2026,293,content/posts/move-to-bulgaria-guide-2026.mdx,4,true,2026-07-04
move-to-sweden-guide-2026,293,content/posts/move-to-sweden-guide-2026.mdx,4,true,2026-07-04
canada-permanent-residency-guide-2026,294,content/posts/canada-permanent-residency-guide-2026.mdx,5,true,2026-07-04
relocation-scouting-trip-guide-2026,295,content/posts/relocation-scouting-trip-guide-2026.mdx,4,true,2026-07-04
buy-property-abroad-foreigner-2026,296,content/posts/buy-property-abroad-foreigner-2026.mdx,4,true,2026-07-04
gran-canaria-expat-long-term-guide-2026,299,content/posts/gran-canaria-expat-long-term-guide-2026.mdx,4,true,2026-07-04
move-to-barbados-guide-2026,299,content/posts/move-to-barbados-guide-2026.mdx,5,true,2026-07-04
move-to-finland-guide-2026,299,content/posts/move-to-finland-guide-2026.mdx,4,true,2026-07-04
move-to-cambodia-guide-2026,300,content/posts/move-to-cambodia-guide-2026.mdx,5,true,2026-07-04
cheapest-countries-europe-2026,303,content/posts/cheapest-countries-europe-2026.mdx,4,true,2026-07-04
move-to-florence-guide-2026,303,content/posts/move-to-florence-guide-2026.mdx,5,true,2026-07-04
move-to-hungary-guide-2026,303,content/posts/move-to-hungary-guide-2026.mdx,4,true,2026-07-04
dubai-vs-singapore-expat-guide-2026,304,content/posts/dubai-vs-singapore-expat-guide-2026.mdx,4,true,2026-07-04
move-to-montenegro-guide-2026,304,content/posts/move-to-montenegro-guide-2026.mdx,4,true,2026-07-04
move-to-morocco-guide-2026,304,content/posts/move-to-morocco-guide-2026.mdx,4,true,2026-07-04
teaching-abroad-retirement-second-career-2026,304,content/posts/teaching-abroad-retirement-second-career-2026.mdx,5,true,2026-07-04
culture-shock-moving-abroad-guide-2026,305,content/posts/culture-shock-moving-abroad-guide-2026.mdx,4,true,2026-07-04
move-to-georgia-2026-updated,305,content/posts/move-to-georgia-2026-updated.mdx,4,true,2026-07-04
retire-to-portugal-complete-guide-2026,305,content/posts/retire-to-portugal-complete-guide-2026.mdx,5,true,2026-07-04
schengen-90-180-rule-guide-2026,305,content/posts/schengen-90-180-rule-guide-2026.mdx,4,true,2026-07-04
inheritance-wills-expat-guide-2026,307,content/posts/inheritance-wills-expat-guide-2026.mdx,5,true,2026-07-04
move-to-india-guide-2026,307,content/posts/move-to-india-guide-2026.mdx,4,true,2026-07-04
move-to-ireland-guide-2026,307,content/posts/move-to-ireland-guide-2026.mdx,4,true,2026-07-04
renounce-us-citizenship-guide-2026,307,content/posts/renounce-us-citizenship-guide-2026.mdx,4,true,2026-07-04
move-to-france-guide-2026,308,content/posts/move-to-france-guide-2026.mdx,4,true,2026-07-04
move-to-wroclaw-guide-2026,308,content/posts/move-to-wroclaw-guide-2026.mdx,5,true,2026-07-04
dubai-neighborhoods-expat-guide-2026,309,content/posts/dubai-neighborhoods-expat-guide-2026.mdx,4,true,2026-07-04
move-to-abu-dhabi-guide-2026,309,content/posts/move-to-abu-dhabi-guide-2026.mdx,4,true,2026-07-04
designer-creative-working-abroad-2026,310,content/posts/designer-creative-working-abroad-2026.mdx,5,true,2026-07-04
barcelona-neighborhoods-expat-guide-2026,313,content/posts/barcelona-neighborhoods-expat-guide-2026.mdx,4,true,2026-07-04
move-to-oman-guide-2026,313,content/posts/move-to-oman-guide-2026.mdx,5,true,2026-07-04
move-to-uruguay-guide-2026,313,content/posts/move-to-uruguay-guide-2026.mdx,4,true,2026-07-04
move-to-lisbon-uk-citizen-guide-2026,314,content/posts/move-to-lisbon-uk-citizen-guide-2026.mdx,5,true,2026-07-04
moving-abroad-over-50-guide-2026,314,content/posts/moving-abroad-over-50-guide-2026.mdx,5,true,2026-07-04
nurse-practitioner-midwife-abroad-2026,315,content/posts/nurse-practitioner-midwife-abroad-2026.mdx,5,true,2026-07-04
lisbon-american-taxes-banking-2026,316,content/posts/lisbon-american-taxes-banking-2026.mdx,5,true,2026-07-04
lisbon-neighborhoods-expat-guide-2026,316,content/posts/lisbon-neighborhoods-expat-guide-2026.mdx,4,true,2026-07-04
best-international-schools-expats-2026,317,content/posts/best-international-schools-expats-2026.mdx,4,true,2026-07-04
lawyer-legal-professional-abroad-2026,317,content/posts/lawyer-legal-professional-abroad-2026.mdx,5,true,2026-07-04
move-to-osaka-guide-2026,317,content/posts/move-to-osaka-guide-2026.mdx,5,true,2026-07-04
best-countries-engineers-abroad-2026,318,content/posts/best-countries-engineers-abroad-2026.mdx,5,true,2026-07-04
dental-tourism-guide-2026,318,content/posts/dental-tourism-guide-2026.mdx,5,true,2026-07-04
move-to-sao-paulo-guide-2026,318,content/posts/move-to-sao-paulo-guide-2026.mdx,5,true,2026-07-04
move-to-switzerland-guide-2026,318,content/posts/move-to-switzerland-guide-2026.mdx,4,true,2026-07-04
move-to-lisbon-honest-guide-2026,319,content/posts/move-to-lisbon-honest-guide-2026.mdx,5,true,2026-07-04
move-to-fukuoka-guide-2026,321,content/posts/move-to-fukuoka-guide-2026.mdx,5,true,2026-07-04
move-to-medellin-guide-2026,322,content/posts/move-to-medellin-guide-2026.mdx,4,true,2026-07-04
portugal-vs-italy-vs-greece-2026,322,content/posts/portugal-vs-italy-vs-greece-2026.mdx,4,true,2026-07-04
best-coworking-spaces-digital-nomads-2026,323,content/posts/best-coworking-spaces-digital-nomads-2026.mdx,4,true,2026-07-04
move-to-latvia-guide-2026,324,content/posts/move-to-latvia-guide-2026.mdx,5,true,2026-07-04
move-to-vancouver-guide-2026,325,content/posts/move-to-vancouver-guide-2026.mdx,5,true,2026-07-04
move-to-penang-guide-2026,326,content/posts/move-to-penang-guide-2026.mdx,5,true,2026-07-04
expat-mental-health-support-guide-2026,327,content/posts/expat-mental-health-support-guide-2026.mdx,5,true,2026-07-04
move-to-hamburg-guide-2026,328,content/posts/move-to-hamburg-guide-2026.mdx,5,true,2026-07-04
move-to-puglia-guide-2026,329,content/posts/move-to-puglia-guide-2026.mdx,5,true,2026-07-04
uk-citizenship-naturalization-guide-2026,329,content/posts/uk-citizenship-naturalization-guide-2026.mdx,6,true,2026-07-04
move-to-nairobi-kenya-guide-2026,331,content/posts/move-to-nairobi-kenya-guide-2026.mdx,5,true,2026-07-04
paris-neighborhoods-expat-guide-2026,331,content/posts/paris-neighborhoods-expat-guide-2026.mdx,5,true,2026-07-04
lisbon-ultimate-setup-guide-2026,332,content/posts/lisbon-ultimate-setup-guide-2026.mdx,5,true,2026-07-04
move-to-quito-ecuador-guide-2026,332,content/posts/move-to-quito-ecuador-guide-2026.mdx,5,true,2026-07-04
van-life-europe-expat-guide-2026,332,content/posts/van-life-europe-expat-guide-2026.mdx,5,true,2026-07-04
move-to-busan-guide-2026,333,content/posts/move-to-busan-guide-2026.mdx,5,true,2026-07-04
moving-to-tbilisi-expat-guide-2026,334,content/posts/moving-to-tbilisi-expat-guide-2026.mdx,4,true,2026-07-04
seoul-neighborhoods-expat-guide-2026,334,content/posts/seoul-neighborhoods-expat-guide-2026.mdx,5,true,2026-07-04
mallorca-expat-long-term-guide-2026,336,content/posts/mallorca-expat-long-term-guide-2026.mdx,5,true,2026-07-04
build-credit-abroad-expat-2026,337,content/posts/build-credit-abroad-expat-2026.mdx,5,true,2026-07-04
moving-abroad-with-pets-guide-2026,337,content/posts/moving-abroad-with-pets-guide-2026.mdx,4,true,2026-07-04
german-citizenship-guide-2026,338,content/posts/german-citizenship-guide-2026.mdx,6,true,2026-07-04
move-to-bordeaux-guide-2026,339,content/posts/move-to-bordeaux-guide-2026.mdx,5,true,2026-07-04
medellin-digital-nomad-setup-guide-2026,340,content/posts/medellin-digital-nomad-setup-guide-2026.mdx,5,true,2026-07-04
move-to-lagos-nigeria-guide-2026,341,content/posts/move-to-lagos-nigeria-guide-2026.mdx,5,true,2026-07-04
berlin-neighborhoods-expat-guide-2026,342,content/posts/berlin-neighborhoods-expat-guide-2026.mdx,5,true,2026-07-04
madrid-neighborhoods-expat-guide-2026,343,content/posts/madrid-neighborhoods-expat-guide-2026.mdx,5,true,2026-07-04
accountant-finance-professional-abroad-2026,345,content/posts/accountant-finance-professional-abroad-2026.mdx,5,true,2026-07-04
international-driving-license-guide-2026,345,content/posts/international-driving-license-guide-2026.mdx,5,true,2026-07-04
singapore-neighborhoods-expat-guide-2026,345,content/posts/singapore-neighborhoods-expat-guide-2026.mdx,5,true,2026-07-04
georgia-digital-nomad-tax-visa-deep-dive-2026,346,content/posts/georgia-digital-nomad-tax-visa-deep-dive-2026.mdx,5,true,2026-07-04
move-to-kuala-lumpur-guide-2026,346,content/posts/move-to-kuala-lumpur-guide-2026.mdx,5,true,2026-07-04
ivf-fertility-treatment-abroad-2026,348,content/posts/ivf-fertility-treatment-abroad-2026.mdx,5,true,2026-07-04
expat-health-insurance-complete-guide-2026,350,content/posts/expat-health-insurance-complete-guide-2026.mdx,4,true,2026-07-04
move-to-belgium-guide-2026,350,content/posts/move-to-belgium-guide-2026.mdx,6,true,2026-07-04
move-to-tashkent-guide-2026,351,content/posts/move-to-tashkent-guide-2026.mdx,6,true,2026-07-04
move-to-izmir-guide-2026,352,content/posts/move-to-izmir-guide-2026.mdx,6,true,2026-07-04
move-to-bilbao-guide-2026,353,content/posts/move-to-bilbao-guide-2026.mdx,5,true,2026-07-04
portuguese-citizenship-complete-guide-2026,353,content/posts/portuguese-citizenship-complete-guide-2026.mdx,6,true,2026-07-04
move-to-rwanda-guide-2026,355,content/posts/move-to-rwanda-guide-2026.mdx,5,true,2026-07-04
having-baby-abroad-expat-guide-2026,356,content/posts/having-baby-abroad-expat-guide-2026.mdx,5,true,2026-07-04
move-to-scotland-guide-2026,356,content/posts/move-to-scotland-guide-2026.mdx,5,true,2026-07-04
retire-to-spain-guide-2026,356,content/posts/retire-to-spain-guide-2026.mdx,5,true,2026-07-04
move-to-antigua-guatemala-guide-2026,357,content/posts/move-to-antigua-guatemala-guide-2026.mdx,6,true,2026-07-04
spanish-citizenship-naturalization-guide-2026,357,content/posts/spanish-citizenship-naturalization-guide-2026.mdx,6,true,2026-07-04
move-to-munich-guide-2026,358,content/posts/move-to-munich-guide-2026.mdx,5,true,2026-07-04
portugal-freelancer-complete-guide-2026,358,content/posts/portugal-freelancer-complete-guide-2026.mdx,4,true,2026-07-04
expat-divorce-guide-2026,361,content/posts/expat-divorce-guide-2026.mdx,6,true,2026-07-04
french-citizenship-naturalization-guide-2026,361,content/posts/french-citizenship-naturalization-guide-2026.mdx,6,true,2026-07-04
co-living-abroad-guide-2026,362,content/posts/co-living-abroad-guide-2026.mdx,5,true,2026-07-04
georgia-american-expat-guide-2026,364,content/posts/georgia-american-expat-guide-2026.mdx,5,true,2026-07-04
retire-to-italy-guide-2026,365,content/posts/retire-to-italy-guide-2026.mdx,5,true,2026-07-04
move-to-sicily-guide-2026,366,content/posts/move-to-sicily-guide-2026.mdx,5,true,2026-07-04
move-to-dubrovnik-split-guide-2026,367,content/posts/move-to-dubrovnik-split-guide-2026.mdx,6,true,2026-07-04
move-to-bangkok-guide-2026,368,content/posts/move-to-bangkok-guide-2026.mdx,5,true,2026-07-04
move-to-lviv-ukraine-guide-2026,369,content/posts/move-to-lviv-ukraine-guide-2026.mdx,5,true,2026-07-04
move-to-sydney-melbourne-guide-2026,370,content/posts/move-to-sydney-melbourne-guide-2026.mdx,5,true,2026-07-04
lisbon-vs-barcelona-expat-guide-2026,371,content/posts/lisbon-vs-barcelona-expat-guide-2026.mdx,5,true,2026-07-04
move-to-maldives-guide-2026,372,content/posts/move-to-maldives-guide-2026.mdx,6,true,2026-07-04
move-to-santiago-guide-2026,372,content/posts/move-to-santiago-guide-2026.mdx,6,true,2026-07-04
starlink-abroad-digital-nomad-2026,372,content/posts/starlink-abroad-digital-nomad-2026.mdx,6,true,2026-07-04
marketing-professional-abroad-2026,373,content/posts/marketing-professional-abroad-2026.mdx,6,true,2026-07-04
best-islands-expats-2026,377,content/posts/best-islands-expats-2026.mdx,6,true,2026-07-04
portugal-golden-visa-fund-investment-2026,377,content/posts/portugal-golden-visa-fund-investment-2026.mdx,5,true,2026-07-04
choose-first-country-digital-nomad-2026,378,content/posts/choose-first-country-digital-nomad-2026.mdx,5,true,2026-07-04
best-travel-credit-cards-expats-2026,379,content/posts/best-travel-credit-cards-expats-2026.mdx,5,true,2026-07-04
grocery-shopping-abroad-expat-guide-2026,380,content/posts/grocery-shopping-abroad-expat-guide-2026.mdx,6,true,2026-07-04
move-to-naples-guide-2026,382,content/posts/move-to-naples-guide-2026.mdx,5,true,2026-07-04
georgia-russian-citizen-2026-update,385,content/posts/georgia-russian-citizen-2026-update.mdx,5,true,2026-07-04
move-to-baku-guide-2026,385,content/posts/move-to-baku-guide-2026.mdx,6,true,2026-07-04
move-to-zurich-geneva-guide-2026,386,content/posts/move-to-zurich-geneva-guide-2026.mdx,6,true,2026-07-04
retire-to-lisbon-guide-2026,386,content/posts/retire-to-lisbon-guide-2026.mdx,6,true,2026-07-04
get-tech-job-abroad-2026,391,content/posts/get-tech-job-abroad-2026.mdx,5,true,2026-07-04
tbilisi-complete-guide-2026,392,content/posts/tbilisi-complete-guide-2026.mdx,6,true,2026-07-04
madeira-vs-azores-expat-guide-2026,393,content/posts/madeira-vs-azores-expat-guide-2026.mdx,6,true,2026-07-04
move-to-cape-verde-guide-2026,394,content/posts/move-to-cape-verde-guide-2026.mdx,6,true,2026-07-04
register-as-resident-abroad-checklist-2026,394,content/posts/register-as-resident-abroad-checklist-2026.mdx,6,true,2026-07-04
germany-freelancer-guide-2026,395,content/posts/germany-freelancer-guide-2026.mdx,5,true,2026-07-04
move-to-sri-lanka-guide-2026,395,content/posts/move-to-sri-lanka-guide-2026.mdx,6,true,2026-07-04
move-to-lima-guide-2026,396,content/posts/move-to-lima-guide-2026.mdx,6,true,2026-07-04
bureaucracy-abroad-survival-guide-2026,398,content/posts/bureaucracy-abroad-survival-guide-2026.mdx,6,true,2026-07-04
move-to-kathmandu-guide-2026,399,content/posts/move-to-kathmandu-guide-2026.mdx,6,true,2026-07-04
send-money-internationally-expat-2026,399,content/posts/send-money-internationally-expat-2026.mdx,5,true,2026-07-04
